{
	"pattrstorage" : 	{
		"name" : "VSM.Filterbank_Presets",
		"slots" : 		{
			"1" : 			{
				"id" : 1,
				"name" : "NewFormants",
				"data" : 				{
					"Resonance[1]" : [ 0.874015748031494 ],
					"Vol" : [ 0.0 ],
					"toggle[42]" : [ 1 ],
					"VSM.AdaptationFilter::Adapt" : [ 0.102362204724409 ],
					"VSM.AdaptationFilter::Attack[1]" : [ 14.399999999999785 ],
					"VSM.AdaptationFilter::Release" : [ 95.0 ],
					"Pattrstorage_Manager::76898percent" : [  ],
					"Pattrstorage_Manager::76898interp" : [  ],
					"16Formants~[1]::Freq" : [ 13.310000419616699, 17.360000610351563, 9.640000343322754, 0.629999995231628, 0.790000021457672, 15.550000190734863, 18.139999389648438, 3.759999990463257, 8.130000114440918, 19.860000610351563, 12.960000038146973, 19.680000305175781, 10.199999809265137, 9.880000114440918, 11.329999923706055, 16.809999465942383 ],
					"16Formants~[1]::Gain" : [ 10.0, 10.0, 10.0, 10.0, 10.0, 10.0, 10.0, 10.0, 10.0, 10.0, 10.0, 10.0, 10.0, 10.0, 10.0, 10.0 ],
					"16Formants~[1]::Q" : [ 1000.0, 1000.0, 1000.0, 1000.0, 1000.0, 1000.0, 1000.0, 1000.0, 1000.0, 1000.0, 1000.0, 1000.0, 1000.0, 1000.0, 1000.0, 1000.0 ]
				}

			}
,
			"2" : 			{
				"id" : 2,
				"name" : "CloseMod",
				"data" : 				{
					"Resonance[1]" : [ 0.874015748031494 ],
					"Vol" : [ 0.0 ],
					"toggle[42]" : [ 1 ],
					"VSM.AdaptationFilter::Adapt" : [ 0.102362204724409 ],
					"VSM.AdaptationFilter::Attack[1]" : [ 14.399999999999785 ],
					"VSM.AdaptationFilter::Release" : [ 95.0 ],
					"Pattrstorage_Manager::76898percent" : [  ],
					"Pattrstorage_Manager::76898interp" : [  ],
					"16Formants~[1]::Freq" : [ 4.325989246368408, 3.836380481719971, 3.836380481719971, 4.815598011016846, 4.815598011016846, 3.346771717071533, 3.346771717071533, 5.305206298828125, 3.836380481719971, 3.836380481719971, 6.284423828125, 6.284423828125, 5.794815063476563, 5.794815063476563, 6.774032592773438, 5.794815063476563 ],
					"16Formants~[1]::Gain" : [ 10.0, 10.0, 10.0, 10.0, 10.0, 10.0, 10.0, 10.0, 10.0, 10.0, 10.0, 10.0, 10.0, 10.0, 10.0, 10.0 ],
					"16Formants~[1]::Q" : [ 1000.0, 1000.0, 1000.0, 1000.0, 1000.0, 1000.0, 1000.0, 1000.0, 1000.0, 1000.0, 1000.0, 1000.0, 1000.0, 1000.0, 1000.0, 1000.0 ]
				}

			}
,
			"3" : 			{
				"id" : 3,
				"name" : "LoFokus",
				"data" : 				{
					"Resonance[1]" : [ 0.874015748031494 ],
					"Vol" : [ 0.0 ],
					"toggle[42]" : [ 1 ],
					"VSM.AdaptationFilter::Adapt" : [ 0.102362204724409 ],
					"VSM.AdaptationFilter::Attack[1]" : [ 14.399999999999785 ],
					"VSM.AdaptationFilter::Release" : [ 95.0 ],
					"Pattrstorage_Manager::76898percent" : [  ],
					"Pattrstorage_Manager::76898interp" : [  ],
					"16Formants~[1]::Freq" : [ 3.346771717071533, 1.8779456615448, 4.325989246368408, 5.794815063476563, 5.305206298828125, 5.305206298828125, 5.305206298828125, 6.360000133514404, 12.609999656677246, 15.430000305175781, 1.429999947547913, 15.039999961853027, 4.579999923706055, 18.069999694824219, 8.649999618530273, 4.769999980926514 ],
					"16Formants~[1]::Gain" : [ 10.0, 10.0, 10.0, 10.0, 10.0, 10.0, 10.0, 10.0, 10.0, 10.0, 10.0, 10.0, 10.0, 10.0, 10.0, 10.0 ],
					"16Formants~[1]::Q" : [ 1000.0, 1000.0, 1000.0, 1000.0, 1000.0, 1000.0, 1000.0, 1000.0, 1000.0, 1000.0, 1000.0, 1000.0, 1000.0, 1000.0, 1000.0, 1000.0 ]
				}

			}
,
			"4" : 			{
				"id" : 4,
				"name" : "Linear",
				"data" : 				{
					"Resonance[1]" : [ 0.685039370078738 ],
					"Vol" : [ 0.0 ],
					"toggle[42]" : [ 1 ],
					"VSM.AdaptationFilter::Adapt" : [ 0.102362204724409 ],
					"VSM.AdaptationFilter::Attack[1]" : [ 14.399999999999785 ],
					"VSM.AdaptationFilter::Release" : [ 95.0 ],
					"Pattrstorage_Manager::76898percent" : [  ],
					"Pattrstorage_Manager::76898interp" : [  ],
					"16Formants~[1]::Freq" : [ 0.898728251457214, 2.367554426193237, 3.346771717071533, 4.325989246368408, 5.305206298828125, 6.774032592773438, 7.753250122070313, 9.222076416015625, 9.711685180664063, 11.180510520935059, 11.670119285583496, 12.159728050231934, 13.138945579528809, 14.118163108825684, 15.586989402770996, 18.035032272338867 ],
					"16Formants~[1]::Gain" : [ 10.0, 10.0, 10.0, 10.0, 10.0, 10.0, 10.0, 10.0, 10.0, 10.0, 10.0, 10.0, 10.0, 10.0, 10.0, 10.0 ],
					"16Formants~[1]::Q" : [ 1000.0, 1000.0, 1000.0, 1000.0, 1000.0, 1000.0, 1000.0, 1000.0, 1000.0, 1000.0, 1000.0, 1000.0, 1000.0, 1000.0, 1000.0, 1000.0 ]
				}

			}
,
			"5" : 			{
				"id" : 5,
				"name" : "Mallet",
				"data" : 				{
					"Resonance[1]" : [ 0.622047244094486 ],
					"Vol" : [ 0.0 ],
					"toggle[42]" : [ 1 ],
					"VSM.AdaptationFilter::Adapt" : [ 0.102362204724409 ],
					"VSM.AdaptationFilter::Attack[1]" : [ 14.399999999999785 ],
					"VSM.AdaptationFilter::Release" : [ 95.0 ],
					"Pattrstorage_Manager::76898percent" : [  ],
					"Pattrstorage_Manager::76898interp" : [  ],
					"16Formants~[1]::Freq" : [ 2.367554426193237, 2.367554426193237, 2.367554426193237, 2.367554426193237, 2.367554426193237, 2.367554426193237, 2.367554426193237, 16.566205978393555, 16.566205978393555, 16.566205978393555, 18.035032272338867, 19.014249801635742, 19.014249801635742, 19.014249801635742, 19.014249801635742, 17.54542350769043 ],
					"16Formants~[1]::Gain" : [ 10.0, 10.0, 10.0, 10.0, 10.0, 10.0, 10.0, 10.0, 10.0, 10.0, 10.0, 10.0, 10.0, 8.42303466796875, 10.0, 10.0 ],
					"16Formants~[1]::Q" : [ 1000.0, 1000.0, 1000.0, 1000.0, 1000.0, 1000.0, 1000.0, 1000.0, 1000.0, 1000.0, 1000.0, 1000.0, 1000.0, 842.303466796875, 1000.0, 1000.0 ]
				}

			}
,
			"6" : 			{
				"id" : 6,
				"name" : "Ghostly",
				"data" : 				{
					"Resonance[1]" : [ 0.511811023622046 ],
					"Vol" : [ 0.0 ],
					"toggle[42]" : [ 1 ],
					"VSM.AdaptationFilter::Adapt" : [ 0.204724409448818 ],
					"VSM.AdaptationFilter::Attack[1]" : [ 33.488999999999685 ],
					"VSM.AdaptationFilter::Release" : [ 95.0 ],
					"Pattrstorage_Manager::76898percent" : [  ],
					"Pattrstorage_Manager::76898interp" : [  ],
					"16Formants~[1]::Freq" : [ 2.857162952423096, 2.857162952423096, 3.346771717071533, 3.346771717071533, 4.325989246368408, 4.815598011016846, 5.305206298828125, 5.305206298828125, 5.794815063476563, 6.284423828125, 6.774032592773438, 6.774032592773438, 6.284423828125, 6.284423828125, 6.284423828125, 6.284423828125 ],
					"16Formants~[1]::Gain" : [ 10.0, 10.0, 10.0, 10.0, 5.696308612823486, 8.188443183898926, 10.0, 10.0, 10.0, 10.0, 10.0, 10.0, 10.0, 3.204173564910889, 10.0, 10.0 ],
					"16Formants~[1]::Q" : [ 1000.0, 1000.0, 1000.0, 1000.0, 569.630859375, 818.8443603515625, 1000.0, 1000.0, 1000.0, 1000.0, 1000.0, 1000.0, 1000.0, 320.4173583984375, 1000.0, 1000.0 ]
				}

			}
,
			"7" : 			{
				"id" : 7,
				"name" : "HiFokus",
				"data" : 				{
					"Resonance[1]" : [ 0.511811023622046 ],
					"Vol" : [ 0.0 ],
					"toggle[42]" : [ 1 ],
					"VSM.AdaptationFilter::Adapt" : [ 0.204724409448818 ],
					"VSM.AdaptationFilter::Attack[1]" : [ 33.488999999999685 ],
					"VSM.AdaptationFilter::Release" : [ 95.0 ],
					"Pattrstorage_Manager::76898percent" : [  ],
					"Pattrstorage_Manager::76898interp" : [  ],
					"16Formants~[1]::Freq" : [ 18.035032272338867, 15.097380638122559, 14.118163108825684, 14.118163108825684, 16.076597213745117, 19.014249801635742, 5.305206298828125, 14.607771873474121, 16.076597213745117, 16.076597213745117, 16.076597213745117, 17.055814743041992, 17.055814743041992, 16.566205978393555, 15.097380638122559, 17.055814743041992 ],
					"16Formants~[1]::Gain" : [ 10.0, 10.0, 10.0, 10.0, 5.696308612823486, 8.188443183898926, 10.0, 10.0, 10.0, 10.0, 10.0, 10.0, 10.0, 3.204173564910889, 10.0, 10.0 ],
					"16Formants~[1]::Q" : [ 1000.0, 1000.0, 1000.0, 1000.0, 569.630859375, 818.8443603515625, 1000.0, 1000.0, 1000.0, 1000.0, 1000.0, 1000.0, 1000.0, 320.4173583984375, 1000.0, 1000.0 ]
				}

			}
,
			"8" : 			{
				"id" : 8,
				"name" : "SharpRes",